{
  "summary": {
    "total_gpus": 2,
    "total_applications": 4,
    "total_combinations": 8,
    "optimization_methods": [
      "edp",
      "ed2p"
    ],
    "analysis_timestamp": "2025-07-31T12:58:34.993862",
    "statistics": {
      "average_energy_savings": {
        "edp": {
          "mean": 91.64680325949973,
          "std": 8.1102121612131,
          "min": 74.02126954367102,
          "max": 98.90740080218346
        },
        "ed2p": {
          "mean": 91.60080948346571,
          "std": 8.091008261713286,
          "min": 74.02126954367102,
          "max": 98.8998696870383
        }
      },
      "best_configurations": {
        "edp": {
          "configuration": "V100_WHISPER",
          "frequency": 600,
          "energy_savings": 98.90740080218346
        },
        "ed2p": {
          "configuration": "V100_WHISPER",
          "frequency": 615,
          "energy_savings": 98.8998696870383
        }
      },
      "frequency_recommendations": {}
    }
  },
  "configurations": {
    "A100_LLAMA": {
      "gpu": "A100",
      "application": "LLAMA",
      "total_frequencies": 61,
      "frequency_range": {
        "min": 510,
        "max": 1410
      },
      "optimizations": {
        "edp": {
          "frequency": 705,
          "method": "edp",
          "metric_name": "EDP",
          "metric_value": 146665.22978000026,
          "energy": 3572.843600000006,
          "execution_time": 41.05,
          "avg_power": 87.03638489646787,
          "edp": 146665.22978000026,
          "ed2p": 6020607.682469011,
          "baseline_comparison": {
            "baseline_frequency": 1410,
            "optimal_frequency": 705,
            "energy_savings_percent": 83.20823472821088,
            "time_penalty_percent": -89.01084192209878,
            "power_savings_percent": -52.803018691274595,
            "baseline_energy": 21277.35555000008,
            "optimal_energy": 3572.843600000006,
            "baseline_time": 373.55,
            "optimal_time": 41.05
          }
        },
        "ed2p": {
          "frequency": 705,
          "method": "ed2p",
          "metric_name": "ED\u00b2P",
          "metric_value": 6020607.682469011,
          "energy": 3572.843600000006,
          "execution_time": 41.05,
          "avg_power": 87.03638489646787,
          "edp": 146665.22978000026,
          "ed2p": 6020607.682469011,
          "baseline_comparison": {
            "baseline_frequency": 1410,
            "optimal_frequency": 705,
            "energy_savings_percent": 83.20823472821088,
            "time_penalty_percent": -89.01084192209878,
            "power_savings_percent": -52.803018691274595,
            "baseline_energy": 21277.35555000008,
            "optimal_energy": 3572.843600000006,
            "baseline_time": 373.55,
            "optimal_time": 41.05
          }
        }
      }
    },
    "A100_STABLEDIFFUSION": {
      "gpu": "A100",
      "application": "STABLEDIFFUSION",
      "total_frequencies": 61,
      "frequency_range": {
        "min": 510,
        "max": 1410
      },
      "optimizations": {
        "edp": {
          "frequency": 1110,
          "method": "edp",
          "metric_name": "EDP",
          "metric_value": 9000.504540000004,
          "energy": 833.3800500000002,
          "execution_time": 10.8,
          "avg_power": 77.16481944444446,
          "edp": 9000.504540000004,
          "ed2p": 97205.44903200003,
          "baseline_comparison": {
            "baseline_frequency": 1410,
            "optimal_frequency": 1110,
            "energy_savings_percent": 95.10484328349501,
            "time_penalty_percent": -97.13527851458885,
            "power_savings_percent": -70.87722982614649,
            "baseline_energy": 17024.583650000295,
            "optimal_energy": 833.3800500000002,
            "baseline_time": 377.0,
            "optimal_time": 10.8
          }
        },
        "ed2p": {
          "frequency": 1230,
          "method": "ed2p",
          "metric_name": "ED\u00b2P",
          "metric_value": 94922.95599100004,
          "energy": 894.7399000000004,
          "execution_time": 10.3,
          "avg_power": 86.8679514563107,
          "edp": 9215.820970000004,
          "ed2p": 94922.95599100004,
          "baseline_comparison": {
            "baseline_frequency": 1410,
            "optimal_frequency": 1230,
            "energy_savings_percent": 94.74442419036788,
            "time_penalty_percent": -97.26790450928382,
            "power_savings_percent": -92.36427963410765,
            "baseline_energy": 17024.583650000295,
            "optimal_energy": 894.7399000000004,
            "baseline_time": 377.0,
            "optimal_time": 10.3
          }
        }
      }
    },
    "A100_VIT": {
      "gpu": "A100",
      "application": "VIT",
      "total_frequencies": 61,
      "frequency_range": {
        "min": 510,
        "max": 1410
      },
      "optimizations": {
        "edp": {
          "frequency": 525,
          "method": "edp",
          "metric_name": "EDP",
          "metric_value": 37490.69241000035,
          "energy": 1197.7857000000113,
          "execution_time": 31.3,
          "avg_power": 38.26791373801953,
          "edp": 37490.69241000035,
          "ed2p": 1173458.672433011,
          "baseline_comparison": {
            "baseline_frequency": 1410,
            "optimal_frequency": 525,
            "energy_savings_percent": 96.0511973616069,
            "time_penalty_percent": -95.23120286432545,
            "power_savings_percent": 17.194996431012452,
            "baseline_energy": 30332.88340000276,
            "optimal_energy": 1197.7857000000113,
            "baseline_time": 656.35,
            "optimal_time": 31.3
          }
        },
        "ed2p": {
          "frequency": 525,
          "method": "ed2p",
          "metric_name": "ED\u00b2P",
          "metric_value": 1173458.672433011,
          "energy": 1197.7857000000113,
          "execution_time": 31.3,
          "avg_power": 38.26791373801953,
          "edp": 37490.69241000035,
          "ed2p": 1173458.672433011,
          "baseline_comparison": {
            "baseline_frequency": 1410,
            "optimal_frequency": 525,
            "energy_savings_percent": 96.0511973616069,
            "time_penalty_percent": -95.23120286432545,
            "power_savings_percent": 17.194996431012452,
            "baseline_energy": 30332.88340000276,
            "optimal_energy": 1197.7857000000113,
            "baseline_time": 656.35,
            "optimal_time": 31.3
          }
        }
      }
    },
    "A100_WHISPER": {
      "gpu": "A100",
      "application": "WHISPER",
      "total_frequencies": 61,
      "frequency_range": {
        "min": 510,
        "max": 1410
      },
      "optimizations": {
        "edp": {
          "frequency": 1170,
          "method": "edp",
          "metric_name": "EDP",
          "metric_value": 2662.2459149999986,
          "energy": 334.8736999999998,
          "execution_time": 7.95,
          "avg_power": 42.12247798742136,
          "edp": 2662.2459149999986,
          "ed2p": 21164.855024249988,
          "baseline_comparison": {
            "baseline_frequency": 1410,
            "optimal_frequency": 1170,
            "energy_savings_percent": 98.26969328811657,
            "time_penalty_percent": -98.29655024641097,
            "power_savings_percent": -1.5766216900622938,
            "baseline_energy": 19353.43010000188,
            "optimal_energy": 334.8736999999998,
            "baseline_time": 466.7000000000001,
            "optimal_time": 7.95
          }
        },
        "ed2p": {
          "frequency": 1170,
          "method": "ed2p",
          "metric_name": "ED\u00b2P",
          "metric_value": 21164.855024249988,
          "energy": 334.8736999999998,
          "execution_time": 7.95,
          "avg_power": 42.12247798742136,
          "edp": 2662.2459149999986,
          "ed2p": 21164.855024249988,