{
  "A100+LLAMA": {
    "gpu": "A100",
    "app": "LLAMA",
    "optimal_frequency": 975,
    "performance_penalty": -39.70149253731342,
    "energy_savings": 44.91075062073365,
    "category": "\ud83d\udfe1 Needs A/B testing",
    "baseline_frequency": 1410,
    "optimal_power": 89.73141955445513,
    "baseline_power": 98.21645298507477,
    "optimal_edp": 146456.03373999952,
    "baseline_edp": 440893.65745000064,
    "optimal_execution_time": 40.400000000000006,
    "baseline_execution_time": 67.0
  },
  "A100+STABLEDIFFUSION": {
    "gpu": "A100",
    "app": "STABLEDIFFUSION",
    "optimal_frequency": 1020,
    "performance_penalty": -14.885496183206104,
    "energy_savings": 32.326110424498765,
    "category": "\ud83d\udfe2 Production ready",
    "baseline_frequency": 1410,
    "optimal_power": 72.3475515695067,
    "baseline_power": 90.99264122137409,
    "optimal_edp": 8994.428479999999,
    "baseline_edp": 15615.247160000008,
    "optimal_execution_time": 11.15,
    "baseline_execution_time": 13.1
  },
  "A100+VIT": {
    "gpu": "A100",
    "app": "VIT",
    "optimal_frequency": 615,
    "performance_penalty": -92.9651033563014,
    "energy_savings": 94.15514755578967,
    "category": "\ud83d\udd35 Batch processing only",
    "baseline_frequency": 1410,
    "optimal_power": 38.615845181674494,
    "baseline_power": 46.47824427650698,
    "optimal_edp": 38682.36097499994,
    "baseline_edp": 9407661.888790222,
    "optimal_execution_time": 31.65,
    "baseline_execution_time": 449.9
  },
  "A100+WHISPER": {
    "gpu": "A100",
    "app": "WHISPER",
    "optimal_frequency": 645,
    "performance_penalty": -89.2905866302865,
    "energy_savings": 89.85654485736325,
    "category": "\ud83d\udd35 Batch processing only",
    "baseline_frequency": 1410,
    "optimal_power": 36.07599999999995,
    "baseline_power": 38.0888751705322,
    "optimal_edp": 2223.093309999997,
    "baseline_edp": 204647.33651500076,
    "optimal_execution_time": 7.85,
    "baseline_execution_time": 73.3
  },
  "V100+LLAMA": {
    "gpu": "V100",
    "app": "LLAMA",
    "optimal_frequency": 1140,
    "performance_penalty": -33.48115299334812,
    "energy_savings": 24.10313387132582,
    "category": "\ud83d\udfe1 Needs A/B testing",
    "baseline_frequency": 1380,
    "optimal_power": 85.21644555555562,
    "baseline_power": 74.686874353289,
    "optimal_edp": 172563.30225000012,
    "baseline_edp": 341806.16093250015,
    "optimal_execution_time": 45.0,
    "baseline_execution_time": 67.65
  },
  "V100+STABLEDIFFUSION": {
    "gpu": "V100",
    "app": "STABLEDIFFUSION",
    "optimal_frequency": 1110,
    "performance_penalty": -10.322580645161283,
    "energy_savings": 23.464079706385732,
    "category": "\ud83d\udfe2 Production ready",
    "baseline_frequency": 1380,
    "optimal_power": 70.89652517985613,
    "baseline_power": 83.06971935483868,
    "optimal_edp": 13697.917630000004,
    "baseline_edp": 19957.500075,
    "optimal_execution_time": 13.9,
    "baseline_execution_time": 15.5
  },
  "V100+VIT": {
    "gpu": "V100",
    "app": "VIT",
    "optimal_frequency": 540,
    "performance_penalty": -92.52938517179024,
    "energy_savings": 93.62386413157073,
    "category": "\ud83d\udd35 Batch processing only",
    "baseline_frequency": 1380,
    "optimal_power": 26.58588653555247,
    "baseline_power": 31.149417495478836,
    "optimal_edp": 29039.83032750031,
    "baseline_edp": 6096494.217519928,
    "optimal_execution_time": 33.050000000000004,
    "baseline_execution_time": 442.4
  },
  "V100+WHISPER": {
    "gpu": "V100",
    "app": "WHISPER",
    "optimal_frequency": 645,
    "performance_penalty": -89.33601609657947,
    "energy_savings": 93.18049069551583,
    "category": "\ud83d\udd35 Batch processing only",
    "baseline_frequency": 1380,
    "optimal_power": 27.5935094339623,
    "baseline_power": 43.1492541918181,
    "optimal_edp": 1743.9787800000024,
    "baseline_edp": 239810.7178950029,
    "optimal_execution_time": 7.95,
    "baseline_execution_time": 74.55
  }
}